_NAME_;_PRICE_;_CATEGORY_;_IMAGE_;_ATTRIBUTES_;_MODEL_;_META_DESCRIPTION_
Бойлер косвенного нагрева INOX V100 Серебро;39780;Водонагреватели|Бойлеры косвенного нагрева;https://www.pogodavdome73.ru/pictures/product/big/12625_big.jpg;"Характеристики|Ширина|50 см
Характеристики|Глубина|50 см
Характеристики|Высота|79 см
Характеристики|Вес|63 кг
Характеристики|Тепловая мощность|16 кВт
Характеристики|Объём|100 л
";KSO-УУУУ05932;Купить Бойлер косвенного нагрева INOX V100 Серебро в Пензе с бесплатной доставкой по России. Выгодная цена, оплата при получении, скидки и акции, гарантия. Описание, фото и отзывы на товар.
Бойлер косвенного нагрева INOX UL100 Серебро;39780;Водонагреватели|Бойлеры косвенного нагрева;https://www.pogodavdome73.ru/pictures/product/big/14132_big.jpg;"Характеристики|Высота|85 см
Характеристики|Материал теплообменника|нержавеющая сталь
Характеристики|Материал покрытия|эмалированная сталь
Характеристики|Диаметр|50 см
Характеристики|Термометр|есть
Характеристики|Объём|100 л
";KSO-УУУУ06307;Купить Бойлер косвенного нагрева INOX UL100 Серебро в Пензе с бесплатной доставкой по России. Выгодная цена, оплата при получении, скидки и акции, гарантия. Описание, фото и отзывы на товар.
Бойлер косвенного нагрева INOX UL160 Белый;43230;Водонагреватели|Бойлеры косвенного нагрева;https://www.pogodavdome73.ru/pictures/product/big/14133_big.jpg;"Характеристики|Высота|135 см
Характеристики|Вес|104 кг
Характеристики|Материал теплообменника|нержавеющая сталь
Характеристики|Материал покрытия|эмалированная сталь
Характеристики|Диаметр|50 см
Характеристики|Термометр|есть
Характеристики|Объём|160 л
";KSO-УУУУ06308;Купить Бойлер косвенного нагрева INOX UL160 Белый в Пензе с бесплатной доставкой по России. Выгодная цена, оплата при получении, скидки и акции, гарантия. Описание, фото и отзывы на товар.
